Variable ID,Variable name,Variable synonyms,Context of use,Growth stage,Variable status,Variable Xref,Institution,Scientist,Date,Language,Crop
CO_322:0000650,AleuCol_E_1to5,,Germplasm characterization,Physiological maturity (R6 stage),,,CIMMYT,Rosemary Shrestha; Julian Pietragalla,,EN,MAIZE
CO_322:0000653,AntAnCol_E_1to5,,Pedigree nurseries/trials,,,,CIMMYT,Rosemary Shrestha; Julian Pietragalla,,EN,MAIZE
CO_322:0000654,AflavERSev_E_1to5,,Pedigree nurseries/trials,At harvest,,,CIMMYT,Rosemary Shrestha; Julian Pietragalla,,EN,MAIZE
CO_322:0000655,AspERSev_E_1to5,,Pedigree nurseries/trials,At harvest,,,CIMMYT,Rosemary Shrestha; Julian Pietragalla,,EN,MAIZE
CO_322:0000656,BHskCovInc_Cmp_pct,,Pedigree nurseries/trials,,,,CIMMYT,Rosemary Shrestha; Julian Pietragalla,,EN,MAIZE
CO_322:0000657,BHskCovInc_Ct_plntPlot,,Pedigree nurseries/trials,,,,CIMMYT,Rosemary Shrestha; Julian Pietragalla,,EN,MAIZE
CO_322:0000659,BHskCovInc_E_pct,,Pedigree nurseries/trials,,,,CIMMYT,Rosemary Shrestha; Julian Pietragalla,,EN,MAIZE
CO_322:0000660,CSmutSev_E_1to5,,Pedigree nurseries/trials,After anthesis,,,CIMMYT,Rosemary Shrestha; Julian Pietragalla,,EN,MAIZE
CO_322:0000661,EAsp_E_1to5,,Pedigree nurseries/trials,Physiological maturity (R6 stage),,,CIMMYT,Rosemary Shrestha; Julian Pietragalla,,EN,MAIZE
CO_322:0000662,EDia_M_cm,,Pedigree nurseries/trials,Physiological maturity (R6 stage),,,CIMMYT,Rosemary Shrestha; Julian Pietragalla,,EN,MAIZE
CO_322:0000663,EDmg_E_1to5,,Pedigree nurseries/trials,Physiological maturity (R6 stage),,,CIMMYT,Rosemary Shrestha; Julian Pietragalla,,EN,MAIZE
CO_322:0000667,EShape_E_1to3,,Pedigree nurseries/trials,,,,CIMMYT,Rosemary Shrestha; Julian Pietragalla,,EN,MAIZE
CO_322:0000668,EGrw_M_cm,,Pedigree nurseries/trials,,Obsolete,,CIMMYT,Rosemary Shrestha; Julian Pietragalla,,EN,MAIZE
CO_322:0000669,EGrwR_Cmp_cmday,,Pedigree nurseries/trials,,Obsolete,,CIMMYT,Rosemary Shrestha; Julian Pietragalla,,EN,MAIZE
CO_322:0000670,EH_M_cm,,Pedigree nurseries/trials,After milk stage (after R3),,,CIMMYT,Rosemary Shrestha; Julian Pietragalla,,EN,MAIZE
CO_322:0000672,EHvst_Ct_earPlot,,Pedigree nurseries/trials,Physiological maturity (R6 stage),,,CIMMYT,Rosemary Shrestha; Julian Pietragalla,,EN,MAIZE
CO_322:0000673,ELng_M_cm,,Pedigree nurseries/trials,Physiological maturity (R6 stage),,,CIMMYT,Rosemary Shrestha; Julian Pietragalla,,EN,MAIZE
CO_322:0000674,EN_Cmp_earplnt,,Pedigree nurseries/trials,Physiological maturity (R6 stage),,,CIMMYT,Rosemary Shrestha; Julian Pietragalla,,EN,MAIZE
CO_322:0000676,EPo_Cmp_ratio,,Pedigree nurseries/trials,,,,CIMMYT,Rosemary Shrestha; Julian Pietragalla,,EN,MAIZE
CO_322:0000677,EPo_E_1to3,,Pedigree nurseries/trials,,,,CIMMYT,Rosemary Shrestha; Julian Pietragalla,,EN,MAIZE
CO_322:0000678,ERInc_Cmp_pct,,Pedigree nurseries/trials,,,,CIMMYT,Rosemary Shrestha; Julian Pietragalla,,EN,MAIZE
CO_322:0000679,ERInc_Ct_earPlot,,Pedigree nurseries/trials,Physiological maturity (R6 stage),,,CIMMYT,Rosemary Shrestha; Julian Pietragalla,,EN,MAIZE
CO_322:0000681,ERInc_E_pct,,Pedigree nurseries/trials,,Obsolete,,CIMMYT,Rosemary Shrestha; Julian Pietragalla,,EN,MAIZE
CO_322:0000683,EW_DW_kgPlot,,Pedigree nurseries/trials,After harvest,,,CIMMYT,Rosemary Shrestha; Julian Pietragalla,,EN,MAIZE
CO_322:0000684,EW_FW_kgPlot,,Pedigree nurseries/trials,After harvest,,,CIMMYT,Rosemary Shrestha; Julian Pietragalla,,EN,MAIZE
CO_322:0000687,EWormDmg_M_cm,,Pedigree nurseries/trials,,,,CIMMYT,Rosemary Shrestha; Julian Pietragalla,,EN,MAIZE
CO_322:0000688,EWormInc_Cmp_pct,,Pedigree nurseries/trials,Physiological maturity (R6 stage),,,CIMMYT,Rosemary Shrestha; Julian Pietragalla,,EN,MAIZE
CO_322:0000689,EWormInc_Ct_plntPlot,,Pedigree nurseries/trials,Physiological maturity (R6 stage),,,CIMMYT,Rosemary Shrestha; Julian Pietragalla,,EN,MAIZE
CO_322:0000690,FgramERSev_E_1to5,,Pedigree nurseries/trials,Physiological maturity (R6 stage),,,CIMMYT,Rosemary Shrestha; Julian Pietragalla,,EN,MAIZE
CO_322:0000691,FmonERSev_E_1to5,,Pedigree nurseries/trials,Physiological maturity (R6 stage),,,CIMMYT,Rosemary Shrestha; Julian Pietragalla,,EN,MAIZE
CO_322:0000692,FusERSev_E_1to5,,Pedigree nurseries/trials,Physiological maturity (R6 stage),,,CIMMYT,Rosemary Shrestha; Julian Pietragalla,,EN,MAIZE
CO_322:0000693,GRArr_E_1to4,,Pedigree nurseries/trials,Physiological maturity (R6 stage),,,CIMMYT,Rosemary Shrestha; Julian Pietragalla,,EN,MAIZE
CO_322:0000694,GRN_Ct_rowear,,Pedigree nurseries/trials,Physiological maturity (R6 stage),,,CIMMYT,Rosemary Shrestha; Julian Pietragalla,,EN,MAIZE
CO_322:0000695,HskCov_E_1to5,,Pedigree nurseries/trials,Physiological maturity (R6 stage),,,CIMMYT,Rosemary Shrestha; Julian Pietragalla,,EN,MAIZE
CO_322:0000696,PERSev_E_1to5,,Pedigree nurseries/trials,At harvest,,,CIMMYT,Rosemary Shrestha; Julian Pietragalla,,EN,MAIZE
CO_322:0000697,Shell_Cmp_pct,,Pedigree nurseries/trials,,,,CIMMYT,Rosemary Shrestha; Julian Pietragalla,,EN,MAIZE
CO_322:0000700,Shell_Cmp_ratio,,Pedigree nurseries/trials,,,,CIMMYT,Rosemary Shrestha; Julian Pietragalla,,EN,MAIZE
CO_322:0000701,SmaySev_E_1to5,,Pedigree nurseries/trials,At harvest,,,CIMMYT,Rosemary Shrestha; Julian Pietragalla,,EN,MAIZE
CO_322:0000702,ELLng_M_cm,,Pedigree nurseries/trials,,,,CIMMYT,Rosemary Shrestha; Julian Pietragalla,,EN,MAIZE
CO_322:0000703,ELW_M_g,,Pedigree nurseries/trials,,,,CIMMYT,Rosemary Shrestha; Julian Pietragalla,,EN,MAIZE
CO_322:0000704,ELChl_M_CCI,,Pedigree nurseries/trials,,,,CIMMYT,Rosemary Shrestha; Julian Pietragalla,,EN,MAIZE
CO_322:0000706,EndoCol_E_1to6,,Germplasm characterization,Physiological maturity (R6 stage),,,CIMMYT,Rosemary Shrestha; Julian Pietragalla,,EN,MAIZE
CO_322:0000707,EndoHard_E_1to5,,Pedigree nurseries/trials,After harvest,,,CIMMYT,Rosemary Shrestha; Julian Pietragalla,,EN,MAIZE
CO_322:0000708,EndoLys_M_pct,,Quality characterization trials,After harvest,,,CIMMYT,Rosemary Shrestha; Julian Pietragalla,,EN,MAIZE
CO_322:0000709,EndoProt_M_pct,,Pedigree nurseries/trials,After harvest,,,CIMMYT,Rosemary Shrestha; Julian Pietragalla,,EN,MAIZE
CO_322:0000710,EndoTrp_M_pct,,Quality characterization trials,After harvest,,,CIMMYT,Rosemary Shrestha; Julian Pietragalla,,EN,MAIZE
CO_322:0000711,Aflatox_M_ppb,,Pedigree nurseries/trials,After harvest,,,CIMMYT,Rosemary Shrestha; Julian Pietragalla,,EN,MAIZE
CO_322:0000712,GCol_E_1to9,,Pedigree nurseries/trials,Physiological maturity (R6 stage),,,CIMMYT,Rosemary Shrestha; Julian Pietragalla,,EN,MAIZE
CO_322:0000713,GLng_M_mm,,Germplasm characterization,Physiological maturity (R6 stage),,,CIMMYT,Rosemary Shrestha; Julian Pietragalla,,EN,MAIZE
CO_322:0000714,GMoi_Cmp_pct,,Pedigree nurseries/trials,Physiological maturity (R6 stage),,,CIMMYT,Rosemary Shrestha; Julian Pietragalla,,EN,MAIZE
CO_322:0000716,GMoi_NIRS_pct,,Pedigree nurseries/trials,Physiological maturity (R6 stage),,,CIMMYT,Rosemary Shrestha; Julian Pietragalla,,EN,MAIZE
CO_322:0000717,GN_Cmp_grnplnt,,Germplasm characterization,Physiological maturity (R6 stage),,,CIMMYT,Rosemary Shrestha; Julian Pietragalla,,EN,MAIZE
CO_322:0000718,GTex_E_1to5,,Pedigree nurseries/trials,Physiological maturity (R6 stage),,,CIMMYT,Rosemary Shrestha; Julian Pietragalla,,EN,MAIZE
CO_322:0000719,GThk_M_mm,,Germplasm characterization,Physiological maturity (R6 stage),,,CIMMYT,Rosemary Shrestha; Julian Pietragalla,,EN,MAIZE
CO_322:0000720,GTyp_E_1to11,,Pedigree nurseries/trials,Physiological maturity (R6 stage),,,CIMMYT,Rosemary Shrestha; Julian Pietragalla,,EN,MAIZE
CO_322:0000721,GUpSSh_E_1to6,,Germplasm characterization,Physiological maturity (R6 stage),,,CIMMYT,Rosemary Shrestha; Julian Pietragalla,,EN,MAIZE
CO_322:0000723,GW_DW_g1000grn,"TGW, TKW, 1000KW",Pedigree nurseries/trials,Physiological maturity (R6 stage),,,CIMMYT,Rosemary Shrestha; Julian Pietragalla,,EN,MAIZE
CO_322:0000725,GW_DW_g100grn,100KW,Pedigree nurseries/trials,Physiological maturity (R6 stage),,,CIMMYT,Rosemary Shrestha; Julian Pietragalla,,EN,MAIZE
CO_322:0000727,GW_DW_g200grn,200KW,Pedigree nurseries/trials,Physiological maturity (R6 stage),,,CIMMYT,Rosemary Shrestha; Julian Pietragalla,,EN,MAIZE
CO_322:0000728,GWid_M_mm,,Germplasm characterization,Physiological maturity (R6 stage),,,CIMMYT,Rosemary Shrestha; Julian Pietragalla,,EN,MAIZE
CO_322:0000730,GY_Adj_kgha,,Pedigree nurseries/trials,After harvest,,,CIMMYT,Rosemary Shrestha; Julian Pietragalla,,EN,MAIZE
CO_322:0000731,GY_Adj_tha,,Pedigree nurseries/trials,After harvest,,,CIMMYT,Rosemary Shrestha; Julian Pietragalla,,EN,MAIZE
CO_322:0000734,GY_DW_gPlot,,Pedigree nurseries/trials,After harvest,,,CIMMYT,Rosemary Shrestha; Julian Pietragalla,,EN,MAIZE
CO_322:0000737,GY_DW_kgha,,Pedigree nurseries/trials,After harvest,,,CIMMYT,Rosemary Shrestha; Julian Pietragalla,,EN,MAIZE
CO_322:0000740,GY_DW_kgPlot,,Pedigree nurseries/trials,After harvest,,,CIMMYT,Rosemary Shrestha; Julian Pietragalla,,EN,MAIZE
CO_322:0000742,GY_DW_tha,,Pedigree nurseries/trials,After harvest,,,CIMMYT,Rosemary Shrestha; Julian Pietragalla,,EN,MAIZE
CO_322:0000744,GY_FW_gPlot,,Pedigree nurseries/trials,After harvest,,,CIMMYT,Rosemary Shrestha; Julian Pietragalla,,EN,MAIZE
CO_322:0000747,GY_FW_kgha,,Pedigree nurseries/trials,After harvest,,,CIMMYT,Rosemary Shrestha; Julian Pietragalla,,EN,MAIZE
CO_322:0000749,GY_FW_kgPlot,,Pedigree nurseries/trials,After harvest,,,CIMMYT,Rosemary Shrestha; Julian Pietragalla,,EN,MAIZE
CO_322:0000751,GY_FW_tha,,Pedigree nurseries/trials,After harvest,,,CIMMYT,Rosemary Shrestha; Julian Pietragalla,,EN,MAIZE
CO_322:0000754,GY_Rank_number,,Pedigree nurseries/trials,After harvest,,,CIMMYT,Rosemary Shrestha; Julian Pietragalla,,EN,MAIZE
CO_322:0000756,GY_RelChk_pct,,Pedigree nurseries/trials,After harvest,,,CIMMYT,Rosemary Shrestha; Julian Pietragalla,,EN,MAIZE
CO_322:0000757,GY_RGY_pct,,Pedigree nurseries/trials,After harvest,,,CIMMYT,Rosemary Shrestha; Julian Pietragalla,,EN,MAIZE
CO_322:0000758,LGBDmg_E_1to5,,Pedigree nurseries/trials,At harvest,,,CIMMYT,Rosemary Shrestha; Julian Pietragalla,,EN,MAIZE
CO_322:0000759,StdGerm_E_1to5,,Pedigree nurseries/trials,,,,CIMMYT,Rosemary Shrestha; Julian Pietragalla,,EN,MAIZE
CO_322:0000760,WeevInc_E_1to5,,Pedigree nurseries/trials,,,,CIMMYT,Rosemary Shrestha; Julian Pietragalla,,EN,MAIZE
CO_322:0000761,WeevN_Ct_weevil,,Pedigree nurseries/trials,Physiological maturity (R6 stage),,,CIMMYT,Rosemary Shrestha; Julian Pietragalla,,EN,MAIZE
CO_322:0000762,BCLSSev_E_1to5,,Pedigree nurseries/trials,After anthesis,,,CIMMYT,Rosemary Shrestha; Julian Pietragalla,,EN,MAIZE
CO_322:0000763,BLSBSev_E_1to5,,Pedigree nurseries/trials,After anthesis,,,CIMMYT,Rosemary Shrestha; Julian Pietragalla,,EN,MAIZE
CO_322:0000764,BmaySev_E_1to5,,Pedigree nurseries/trials,After anthesis,,,CIMMYT,Rosemary Shrestha; Julian Pietragalla,,EN,MAIZE
CO_322:0000765,BwSpotSev_E_1to5,,Pedigree nurseries/trials,After anthesis,,,CIMMYT,Rosemary Shrestha; Julian Pietragalla,,EN,MAIZE
CO_322:0000766,Chl_M_CCI,,Pedigree nurseries/trials,After anthesis (2-4 weeks for inbreds lines and 2-5 weeks for hybrids).,,,,Rosemary Shrestha; Julian Pietragalla,,EN,MAIZE
CO_322:0000767,CLSSev_E_1to5,,Pedigree nurseries/trials,After anthesis,,,CIMMYT,Rosemary Shrestha; Julian Pietragalla,,EN,MAIZE
CO_322:0000768,CRustSev_E_1to5,,Pedigree nurseries/trials,After anthesis,,,CIMMYT,Rosemary Shrestha; Julian Pietragalla,,EN,MAIZE
CO_322:0000769,DMSev_E_1to5,,Pedigree nurseries/trials,After anthesis,,,CIMMYT,Rosemary Shrestha; Julian Pietragalla,,EN,MAIZE
CO_322:0000770,EturcSev_E_1to5,,Pedigree nurseries/trials,After anthesis,,,CIMMYT,Rosemary Shrestha; Julian Pietragalla,,EN,MAIZE
CO_322:0000771,GLSSev_E_1to5,,Pedigree nurseries/trials,After anthesis,,,CIMMYT,Rosemary Shrestha; Julian Pietragalla,,EN,MAIZE
CO_322:0000774,LAsh_M_pct,,Pedigree nurseries/trials,,,,CIMMYT,Rosemary Shrestha; Julian Pietragalla,,EN,MAIZE
CO_322:0000777,LAsh_NIRS_pct,,Pedigree nurseries/trials,,,,CIMMYT,Rosemary Shrestha; Julian Pietragalla,,EN,MAIZE
CO_322:0000778,LCol_E_1to5,,Pedigree nurseries/trials,,,,CIMMYT,Rosemary Shrestha; Julian Pietragalla,,EN,MAIZE
CO_322:0000779,LErect_E_1to4,,Pedigree nurseries/trials,,,,CIMMYT,Rosemary Shrestha; Julian Pietragalla,,EN,MAIZE
CO_322:0000780,LLng_M_cm,,Germplasm characterization,After anthesis,,,CIMMYT,Rosemary Shrestha; Julian Pietragalla,,EN,MAIZE
CO_322:0000781,LRollSev_E_1to5,,Pedigree nurseries/trials,,,,CIMMYT,Rosemary Shrestha; Julian Pietragalla,,EN,MAIZE
CO_322:0000782,LWid_M_cm,,Germplasm characterization,,,,CIMMYT,Rosemary Shrestha; Julian Pietragalla,,EN,MAIZE
CO_322:0000783,PLSSev_E_1to5,,Pedigree nurseries/trials,3 weeks after silk emergence,,,CIMMYT,Rosemary Shrestha; Julian Pietragalla,,EN,MAIZE
CO_322:0000784,PpolySev_E_1to5,,Pedigree nurseries/trials,After anthesis,,,CIMMYT,Rosemary Shrestha; Julian Pietragalla,,EN,MAIZE
CO_322:0000785,RustSev_E_1to5,,Pedigree nurseries/trials,After anthesis,,,CIMMYT,Rosemary Shrestha; Julian Pietragalla,,EN,MAIZE
CO_322:0000786,SCond_M_mmolm2s,,Drought trials,"Vegetative period and prior beginning of the drought treatment, one measurement 4-5 weeks after planting and again 2-3 weeks later. Always in the youngest fully expanded leaf. Reproductive period (two days after last irrigation and then every 5-7 days until the ?recover irrigation? at flowering). Anthesis ? Grain filling",,,CIMMYT,Rosemary Shrestha; Julian Pietragalla,,EN,MAIZE
CO_322:0000787,Sen_E_0to10,,Pedigree nurseries/trials,Grain filling,,,CIMMYT,Rosemary Shrestha; Julian Pietragalla,,EN,MAIZE
CO_322:0000788,Sen_E_pct,,Pedigree nurseries/trials,Grain filling,,,CIMMYT,Rosemary Shrestha; Julian Pietragalla,,EN,MAIZE
CO_322:0000789,TRustSev_E_1to5,,Pedigree nurseries/trials,After anthesis,,,CIMMYT,Rosemary Shrestha; Julian Pietragalla,,EN,MAIZE
CO_322:0000790,TSCSev_E_1to5,,Pedigree nurseries/trials,After anthesis,,,CIMMYT,Rosemary Shrestha; Julian Pietragalla,,EN,MAIZE
CO_322:0000791,PericCol_E_1to5,,Germplasm characterization,Physiological maturity (R6 stage),,,CIMMYT,Rosemary Shrestha; Julian Pietragalla,,EN,MAIZE
CO_322:0000792,ALBInc_Cmp_pct,,Pedigree nurseries/trials,After anthesis,,,CIMMYT,Rosemary Shrestha; Julian Pietragalla,,EN,MAIZE
CO_322:0000793,ALBInc_Ct_plntPlot,,Pedigree nurseries/trials,After anthesis,,,CIMMYT,Rosemary Shrestha; Julian Pietragalla,,EN,MAIZE
CO_322:0000794,Ant_Cmp_Cday,AnthesisGDU,Pedigree nurseries/trials,At anthesis,,,CIMMYT,Rosemary Shrestha; Julian Pietragalla,,EN,MAIZE
CO_322:0000797,Ant_Date_ymd,AD,Pedigree nurseries/trials,Anthesis (R0),,,CIMMYT,Rosemary Shrestha; Julian Pietragalla,,EN,MAIZE
CO_322:0000798,Ant_DT_day,DTA,Pedigree nurseries/trials,Anthesis (R0),,,CIMMYT,Rosemary Shrestha; Julian Pietragalla,,EN,MAIZE
CO_322:0000799,AphDmg_E_1to5,,Pedigree nurseries/trials,At harvest,,,CIMMYT,Rosemary Shrestha; Julian Pietragalla,,EN,MAIZE
CO_322:0000800,ASI_Cmp_day,,Pedigree nurseries/trials,After anthesis,,,CIMMYT,Rosemary Shrestha; Julian Pietragalla,,EN,MAIZE
CO_322:0000801,AstriInc_Cmp_pct,,Pedigree nurseries/trials,After anthesis,,,CIMMYT,Rosemary Shrestha; Julian Pietragalla,,EN,MAIZE
CO_322:0000802,AstriInc_Ct_plntPlot,,Pedigree nurseries/trials,After anthesis,,,CIMMYT,Rosemary Shrestha; Julian Pietragalla,,EN,MAIZE
CO_322:0000803,AWormDmg_E_1to5,,Pedigree nurseries/trials,At harvest,,,CIMMYT,Rosemary Shrestha; Julian Pietragalla,,EN,MAIZE
CO_322:0000804,BactSRInc_Cmp_pct,,Pedigree nurseries/trials,At harvest,,,CIMMYT,Rosemary Shrestha; Julian Pietragalla,,EN,MAIZE
CO_322:0000805,BactSRInc_Ct_plntPlot,,Pedigree nurseries/trials,At harvest,,,CIMMYT,Rosemary Shrestha; Julian Pietragalla,,EN,MAIZE
CO_322:0000806,BSDMInc_Cmp_pct,,Pedigree nurseries/trials,After anthesis,,,CIMMYT,Rosemary Shrestha; Julian Pietragalla,,EN,MAIZE
CO_322:0000807,BSDMInc_Ct_plntPlot,,Pedigree nurseries/trials,After anthesis,,,CIMMYT,Rosemary Shrestha; Julian Pietragalla,,EN,MAIZE
CO_322:0000809,BusseolaDmg_E_1to5,,Pedigree nurseries/trials,At harvest,,,CIMMYT,Rosemary Shrestha; Julian Pietragalla,,EN,MAIZE
CO_322:0000810,BusseolaInc_Ct_plntPlot,,Pedigree nurseries/trials,At harvest,,,CIMMYT,Rosemary Shrestha; Julian Pietragalla,,EN,MAIZE
CO_322:0000811,CharRInc_Cmp_pct,,Pedigree nurseries/trials,At harvest,,,CIMMYT,Rosemary Shrestha; Julian Pietragalla,,EN,MAIZE
CO_322:0000812,CharRInc_Ct_plntPlot,,Pedigree nurseries/trials,At harvest,,,CIMMYT,Rosemary Shrestha; Julian Pietragalla,,EN,MAIZE
CO_322:0000813,ChiloDmg_E_1to5,,Pedigree nurseries/trials,,,,CIMMYT,Rosemary Shrestha; Julian Pietragalla,,EN,MAIZE
CO_322:0000814,CSCInc_Cmp_pct,,Pedigree nurseries/trials,After anthesis,,,CIMMYT,Rosemary Shrestha; Julian Pietragalla,,EN,MAIZE
CO_322:0000815,CSCInc_Ct_plntPlot,,Pedigree nurseries/trials,After anthesis,,,CIMMYT,Rosemary Shrestha; Julian Pietragalla,,EN,MAIZE
CO_322:0000816,CSCMSev_E_1to5,,Pedigree nurseries/trials,After anthesis,,,CIMMYT,Rosemary Shrestha; Julian Pietragalla,,EN,MAIZE
CO_322:0000817,CSmutInc_Cmp_pct,,Pedigree nurseries/trials,,,,CIMMYT,Rosemary Shrestha; Julian Pietragalla,,EN,MAIZE
CO_322:0000818,CSmutInc_Ct_plntPlot,,Pedigree nurseries/trials,,,,CIMMYT,Rosemary Shrestha; Julian Pietragalla,,EN,MAIZE
CO_322:0000819,CSSSev_E_1to5,,Pedigree nurseries/trials,After anthesis,,,CIMMYT,Rosemary Shrestha; Julian Pietragalla,,EN,MAIZE
CO_322:0000820,CT_M_C,,Pedigree nurseries/trials,At harvest,,,CIMMYT,Rosemary Shrestha; Julian Pietragalla,,EN,MAIZE
CO_322:0000821,CTMInc_Cmp_pct,,Pedigree nurseries/trials,,,,CIMMYT,Rosemary Shrestha; Julian Pietragalla,,EN,MAIZE
CO_322:0000822,CTMInc_Ct_plntPlot,,Pedigree nurseries/trials,After anthesis,,,CIMMYT,Rosemary Shrestha; Julian Pietragalla,,EN,MAIZE
CO_322:0000823,DiabroticaDmg_E_1to5,,Pedigree nurseries/trials,At harvest,,,CIMMYT,Rosemary Shrestha; Julian Pietragalla,,EN,MAIZE
CO_322:0000824,DiatraeaDmg_E_1to5,,Pedigree nurseries/trials,At harvest,,,CIMMYT,Rosemary Shrestha; Julian Pietragalla,,EN,MAIZE
CO_322:0000825,DMJInc_Cmp_pct,,Pedigree nurseries/trials,,,,CIMMYT,Rosemary Shrestha; Julian Pietragalla,,EN,MAIZE
CO_322:0000826,DMJInc_Ct_plntPlot,,Pedigree nurseries/trials,After anthesis,,,CIMMYT,Rosemary Shrestha; Julian Pietragalla,,EN,MAIZE
CO_322:0000827,DMSInc_Cmp_pct,,Pedigree nurseries/trials,,,,CIMMYT,Rosemary Shrestha; Julian Pietragalla,,EN,MAIZE
CO_322:0000828,DMSInc_Ct_plntPlot,,Pedigree nurseries/trials,After anthesis,,,CIMMYT,Rosemary Shrestha; Julian Pietragalla,,EN,MAIZE
CO_322:0000830,DMSSev_E_1to5,,Pedigree nurseries/trials,After anthesis,,,CIMMYT,Rosemary Shrestha; Julian Pietragalla,,EN,MAIZE
CO_322:0000831,DMVInc_Cmp_pct,,Pedigree nurseries/trials,,,,CIMMYT,Rosemary Shrestha; Julian Pietragalla,,EN,MAIZE
CO_322:0000832,DMVInc_Ct_plntPlot,,Pedigree nurseries/trials,Physiological maturity (R6 stage),,,CIMMYT,Rosemary Shrestha; Julian Pietragalla,,EN,MAIZE
CO_322:0000835,ELSen_Date_ymd,ELSenD,Pedigree nurseries/trials,,,,CIMMYT,Rosemary Shrestha; Julian Pietragalla,,EN,MAIZE
CO_322:0000836,ELSen_DT_day,DTELSen,Pedigree nurseries/trials,,,,CIMMYT,Rosemary Shrestha; Julian Pietragalla,,EN,MAIZE
CO_322:0000837,FgramSRInc_Cmp_pct,,Pedigree nurseries/trials,,,,CIMMYT,Rosemary Shrestha; Julian Pietragalla,,EN,MAIZE
CO_322:0000838,FgramSRInc_Ct_plntPlot,,Pedigree nurseries/trials,Physiological maturity (R6 stage),,,CIMMYT,Rosemary Shrestha; Julian Pietragalla,,EN,MAIZE
CO_322:0000839,FmonSRInc_Cmp_pct,,Pedigree nurseries/trials,,,,CIMMYT,Rosemary Shrestha; Julian Pietragalla,,EN,MAIZE
CO_322:0000840,FmonSRInc_Ct_plntPlot,,Pedigree nurseries/trials,Physiological maturity (R6 stage),,,CIMMYT,Rosemary Shrestha; Julian Pietragalla,,EN,MAIZE
CO_322:0000843,FmonSRSev_E_1to5,,Pedigree nurseries/trials,,,,CIMMYT,Rosemary Shrestha; Julian Pietragalla,,EN,MAIZE
CO_322:0000844,FungDis_E_0to1,,Pedigree nurseries/trials,After anthesis,,,CIMMYT,Rosemary Shrestha; Julian Pietragalla,,EN,MAIZE
CO_322:0000846,FungDis_E_text,,Pedigree nurseries/trials,After anthesis,,,CIMMYT,Rosemary Shrestha; Julian Pietragalla,,EN,MAIZE
CO_322:0000847,FusSRInc_Cmp_pct,,Pedigree nurseries/trials,,,,CIMMYT,Rosemary Shrestha; Julian Pietragalla,,EN,MAIZE
CO_322:0000848,FusSRInc_Ct_plntPlot,,Pedigree nurseries/trials,Physiological maturity (R6 stage),,,CIMMYT,Rosemary Shrestha; Julian Pietragalla,,EN,MAIZE
CO_322:0000849,GWLostWeev_Cmp_pct,,Pedigree nurseries/trials,Physiological maturity (R6 stage),,,CIMMYT,Rosemary Shrestha; Julian Pietragalla,,EN,MAIZE
CO_322:0000850,HSmutInc_Cmp_pct,,Pedigree nurseries/trials,After anthesis,,,CIMMYT,Rosemary Shrestha; Julian Pietragalla,,EN,MAIZE
CO_322:0000851,HSmutInc_Ct_plntPlot,,Pedigree nurseries/trials,After anthesis,,,CIMMYT,Rosemary Shrestha; Julian Pietragalla,,EN,MAIZE
CO_322:0000854,HSmutSev_E_1to5,,Pedigree nurseries/trials,After anthesis,,,CIMMYT,Rosemary Shrestha; Julian Pietragalla,,EN,MAIZE
CO_322:0000855,LateWiltInc_Cmp_pct,,Pedigree nurseries/trials,After anthesis,,,CIMMYT,Rosemary Shrestha; Julian Pietragalla,,EN,MAIZE
CO_322:0000856,LateWiltInc_Ct_plntPlot,,Pedigree nurseries/trials,After anthesis,,,CIMMYT,Rosemary Shrestha; Julian Pietragalla,,EN,MAIZE
CO_322:0000859,LodgInc_E_1to5,,Pedigree nurseries/trials,Grain filling,,,CIMMYT,Rosemary Shrestha; Julian Pietragalla,,EN,MAIZE
CO_322:0000860,Mat_Cmp_Cday,MaturityGDU,Pedigree nurseries/trials,At anthesis,,,CIMMYT,Rosemary Shrestha; Julian Pietragalla,,EN,MAIZE
CO_322:0000863,Mat_Date_ymd,MD,Pedigree nurseries/trials,Grain filling,,,CIMMYT,Rosemary Shrestha; Julian Pietragalla,,EN,MAIZE
CO_322:0000864,Mat_DT_day,DTM,Pedigree nurseries/trials,Grain filling,,,CIMMYT,Rosemary Shrestha; Julian Pietragalla,,EN,MAIZE
CO_322:0000865,MCob_Cmp_pct,,Pedigree nurseries/trials,,,,CIMMYT,Rosemary Shrestha; Julian Pietragalla,,EN,MAIZE
CO_322:0000866,MCob_Ct_plntPlot,,Pedigree nurseries/trials,,,,CIMMYT,Rosemary Shrestha; Julian Pietragalla,,EN,MAIZE
CO_322:0000867,MLNSev_E_1to5,,Pedigree nurseries/trials,,,,CIMMYT,Rosemary Shrestha; Julian Pietragalla,,EN,MAIZE
CO_322:0000868,MRCVInc_Cmp_pct,,Pedigree nurseries/trials,After anthesis,,,CIMMYT,Rosemary Shrestha; Julian Pietragalla,,EN,MAIZE
CO_322:0000869,MRCVInc_Ct_plntPlot,,Pedigree nurseries/trials,After anthesis,,,CIMMYT,Rosemary Shrestha; Julian Pietragalla,,EN,MAIZE
CO_322:0000870,MRDVInc_Cmp_pct,,Pedigree nurseries/trials,After anthesis,,,CIMMYT,Rosemary Shrestha; Julian Pietragalla,,EN,MAIZE
CO_322:0000871,MRDVInc_Ct_plntPlot,,Pedigree nurseries/trials,After anthesis,,,CIMMYT,Rosemary Shrestha; Julian Pietragalla,,EN,MAIZE
CO_322:0000872,MRFVInc_Cmp_pct,,Pedigree nurseries/trials,After anthesis,,,CIMMYT,Rosemary Shrestha; Julian Pietragalla,,EN,MAIZE
CO_322:0000873,MRFVInc_Ct_plntPlot,,Pedigree nurseries/trials,After anthesis,,,CIMMYT,Rosemary Shrestha; Julian Pietragalla,,EN,MAIZE
CO_322:0000874,MSTVInc_Cmp_pct,,Pedigree nurseries/trials,After anthesis,,,CIMMYT,Rosemary Shrestha; Julian Pietragalla,,EN,MAIZE
CO_322:0000875,MSTVInc_Ct_plntPlot,,Pedigree nurseries/trials,After anthesis,,,CIMMYT,Rosemary Shrestha; Julian Pietragalla,,EN,MAIZE
CO_322:0000876,MSVInc_Cmp_pct,,Pedigree nurseries/trials,,,,CIMMYT,Rosemary Shrestha; Julian Pietragalla,,EN,MAIZE
CO_322:0000877,MSVInc_Ct_plntPlot,,Pedigree nurseries/trials,,,,CIMMYT,Rosemary Shrestha; Julian Pietragalla,,EN,MAIZE
CO_322:0000879,MSVSev_E_1to5,,Pedigree nurseries/trials,,,,CIMMYT,Rosemary Shrestha; Julian Pietragalla,,EN,MAIZE
CO_322:0000880,NDVI_M_idx,,Pedigree nurseries/trials,"Vegetative stage (1 month after planting), Flowering (for Inbreds) and grain filling (2 and 4 weeks after anthesis for hybrid).",,,CIMMYT,Rosemary Shrestha; Julian Pietragalla,,EN,MAIZE
CO_322:0000881,OA_M_Mpa,,Pedigree nurseries/trials,,,,CIMMYT,Rosemary Shrestha; Julian Pietragalla,,EN,MAIZE
CO_322:0000882,OP_M_Mpa,,Pedigree nurseries/trials,,,,CIMMYT,Rosemary Shrestha; Julian Pietragalla,,EN,MAIZE
CO_322:0000883,PAsp_E_1to5,,Pedigree nurseries/trials,Brown husk stage,,,CIMMYT,Rosemary Shrestha; Julian Pietragalla,,EN,MAIZE
CO_322:0000884,PDMInc_Cmp_pct,,Pedigree nurseries/trials,After anthesis,,,CIMMYT,Rosemary Shrestha; Julian Pietragalla,,EN,MAIZE
CO_322:0000885,PDMInc_Ct_plntPlot,,Pedigree nurseries/trials,After anthesis,,,CIMMYT,Rosemary Shrestha; Julian Pietragalla,,EN,MAIZE
CO_322:0000886,PHTslB_M_cm,,Pedigree nurseries/trials,After milk stage (after R3),,,CIMMYT,Rosemary Shrestha; Julian Pietragalla,,EN,MAIZE
CO_322:0000887,PHvst_Ct_plntPlot,,Pedigree nurseries/trials,Physiological maturity (R6 stage),,,CIMMYT,Rosemary Shrestha; Julian Pietragalla,,EN,MAIZE
CO_322:0000888,PRI_M_idx,,Pedigree nurseries/trials,,,,CIMMYT,Rosemary Shrestha; Julian Pietragalla,,EN,MAIZE
CO_322:0000889,PsacchInc_Cmp_pct,,Pedigree nurseries/trials,After anthesis,,,CIMMYT,Rosemary Shrestha; Julian Pietragalla,,EN,MAIZE
CO_322:0000890,PsacchInc_Ct_plntPlot,,Pedigree nurseries/trials,After anthesis,,,CIMMYT,Rosemary Shrestha; Julian Pietragalla,,EN,MAIZE
CO_322:0000891,PStand_Ct_plntPlot,,Pedigree nurseries/trials,3 weeks after planting,,,CIMMYT,Rosemary Shrestha; Julian Pietragalla,,EN,MAIZE
CO_322:0000892,PUnif_E_1to3,,Pedigree nurseries/trials,,,,CIMMYT,Rosemary Shrestha; Julian Pietragalla,,EN,MAIZE
CO_322:0000893,PVig_E_1to5,,Pedigree nurseries/trials,,,,CIMMYT,Rosemary Shrestha; Julian Pietragalla,,EN,MAIZE
CO_322:0000894,PytSRInc_Cmp_pct,,Pedigree nurseries/trials,,,,CIMMYT,Rosemary Shrestha; Julian Pietragalla,,EN,MAIZE
CO_322:0000895,PytSRInc_Ct_plntPlot,,Pedigree nurseries/trials,At harvest,,,CIMMYT,Rosemary Shrestha; Julian Pietragalla,,EN,MAIZE
CO_322:0000896,RLodgInc_Cmp_pct,,Pedigree nurseries/trials,,,,CIMMYT,Rosemary Shrestha; Julian Pietragalla,,EN,MAIZE
CO_322:0000897,RLodgInc_Ct_plntPlot,,Pedigree nurseries/trials,Grain filling,,,CIMMYT,Rosemary Shrestha; Julian Pietragalla,,EN,MAIZE
CO_322:0000899,RLodgInc_E_pct,,Pedigree nurseries/trials,,Obsolete,,CIMMYT,Rosemary Shrestha; Julian Pietragalla,,EN,MAIZE
CO_322:0000900,SCMVInc_Cmp_pct,,Pedigree nurseries/trials,After anthesis,,,CIMMYT,Rosemary Shrestha; Julian Pietragalla,,EN,MAIZE
CO_322:0000901,SCMVInc_Ct_plntPlot,,Pedigree nurseries/trials,After anthesis,,,CIMMYT,Rosemary Shrestha; Julian Pietragalla,,EN,MAIZE
CO_322:0000902,SdlngDisInc_Cmp_pct,,Pedigree nurseries/trials,After emergence,,,CIMMYT,Rosemary Shrestha; Julian Pietragalla,,EN,MAIZE
CO_322:0000904,SdlngDisInc_Ct_plntPlot,,Pedigree nurseries/trials,After emergence,,,CIMMYT,Rosemary Shrestha; Julian Pietragalla,,EN,MAIZE
CO_322:0000907,Silk_Date_ymd,SD,Pedigree nurseries/trials,Silking (R1),,,CIMMYT,Rosemary Shrestha; Julian Pietragalla,,EN,MAIZE
CO_322:0000908,Silk_DT_day,DTS,Pedigree nurseries/trials,Silking (R1),,,CIMMYT,Rosemary Shrestha; Julian Pietragalla,,EN,MAIZE
CO_322:0000909,SLodgInc_Cmp_pct,,Pedigree nurseries/trials,Grain filling,,,CIMMYT,Rosemary Shrestha; Julian Pietragalla,,EN,MAIZE
CO_322:0000910,SLodgInc_Ct_plntPlot,,Pedigree nurseries/trials,,,,CIMMYT,Rosemary Shrestha; Julian Pietragalla,,EN,MAIZE
CO_322:0000912,SlodgInc_E_pct,,Pedigree nurseries/trials,Grain filling,Obsolete,,CIMMYT,Rosemary Shrestha; Julian Pietragalla,,EN,MAIZE
CO_322:0000913,SRInc_Cmp_pct,,Pedigree nurseries/trials,Physiological maturity (R6 stage),,,CIMMYT,Rosemary Shrestha; Julian Pietragalla,,EN,MAIZE
CO_322:0000914,SRInc_Ct_plntPlot,,Pedigree nurseries/trials,Physiological maturity (R6 stage),,,CIMMYT,Rosemary Shrestha; Julian Pietragalla,,EN,MAIZE
CO_322:0000915,StBorDmg_E_1to5,,Pedigree nurseries/trials,Physiological maturity (R6 stage),,,CIMMYT,Rosemary Shrestha; Julian Pietragalla,,EN,MAIZE
CO_322:0000916,StenSRInc_Cmp_pct,,Pedigree nurseries/trials,At harvest,,,CIMMYT,Rosemary Shrestha; Julian Pietragalla,,EN,MAIZE
CO_322:0000917,StenSRInc_Ct_plntPlot,,Pedigree nurseries/trials,At harvest,,,CIMMYT,Rosemary Shrestha; Julian Pietragalla,,EN,MAIZE
CO_322:0000918,SteWiltInc_Cmp_pct,,Pedigree nurseries/trials,After anthesis,,,CIMMYT,Rosemary Shrestha; Julian Pietragalla,,EN,MAIZE
CO_322:0000919,SteWiltInc_Ct_plntPlot,,Pedigree nurseries/trials,After anthesis,,,CIMMYT,Rosemary Shrestha; Julian Pietragalla,,EN,MAIZE
CO_322:0000920,StrigaDmg_E_1to5,,Pedigree nurseries/trials,,,,CIMMYT,Rosemary Shrestha; Julian Pietragalla,,EN,MAIZE
CO_322:0000921,Tillering_Ct_tllrplnt,,Pedigree nurseries/trials,,,,CIMMYT,Rosemary Shrestha; Julian Pietragalla,,EN,MAIZE
CO_322:0000922,WI_M_idx,,Pedigree nurseries/trials,,,,CIMMYT,Rosemary Shrestha; Julian Pietragalla,,EN,MAIZE
CO_322:0000923,RootCapac_M_uF,,Pedigree nurseries/trials,,,,CIMMYT,Rosemary Shrestha; Julian Pietragalla,,EN,MAIZE
CO_322:0000924,ShtPub_E_1to3,,Germplasm characterization,At anthesis,,,CIMMYT,Rosemary Shrestha; Julian Pietragalla,,EN,MAIZE
CO_322:0000928,ShellCobW_FW_gPlot,,Pedigree nurseries/trials,,,,CIMMYT,Rosemary Shrestha; Julian Pietragalla,,EN,MAIZE
CO_322:0000931,ShellCobW_FW_kgPlot,,Pedigree nurseries/trials,,,,CIMMYT,Rosemary Shrestha; Julian Pietragalla,,EN,MAIZE
CO_322:0000932,SilkAnCol_E_1to5,,Pedigree nurseries/trials,,,,CIMMYT,Rosemary Shrestha; Julian Pietragalla,,EN,MAIZE
CO_322:0000933,SilkGrw_M_cm,,Pedigree nurseries/trials,Silking (R1),Obsolete,,CIMMYT,Rosemary Shrestha; Julian Pietragalla,,EN,MAIZE
CO_322:0000934,SilkGrwR_Cmp_cmday,,Pedigree nurseries/trials,Silking (R1),,,CIMMYT,Rosemary Shrestha; Julian Pietragalla,,EN,MAIZE
CO_322:0000935,SilkLng_M_cm,,Pedigree nurseries/trials,Silking (R1),,,CIMMYT,Rosemary Shrestha; Julian Pietragalla,,EN,MAIZE
CO_322:0000937,StemCol_E_1to5,,Germplasm characterization,At anthesis,,,CIMMYT,Rosemary Shrestha; Julian Pietragalla,,EN,MAIZE
CO_322:0000939,StrigaPN_Ct_plntPlot,,Pedigree nurseries/trials,8-12 weeks after planting,,,CIMMYT,Rosemary Shrestha; Julian Pietragalla,,EN,MAIZE
CO_322:0000940,TslBlastSev_E_1to5,,Heat Stress Trials,At anthesis,,,CIMMYT,Rosemary Shrestha; Julian Pietragalla,,EN,MAIZE
CO_322:0000941,TslAnCol_E_1to5,,Pedigree nurseries/trials,,,,CIMMYT,Rosemary Shrestha; Julian Pietragalla,,EN,MAIZE
CO_322:0000942,TslDen_E_1to3,,Pedigree nurseries/trials,,,,CIMMYT,Rosemary Shrestha; Julian Pietragalla,,EN,MAIZE
CO_322:0000943,TslExer_E_1to5,,Pedigree nurseries/trials,,,,CIMMYT,Rosemary Shrestha; Julian Pietragalla,,EN,MAIZE
CO_322:0000946,TslGlBAnCol_E_1to5,,Pedigree nurseries/trials,,,,CIMMYT,Rosemary Shrestha; Julian Pietragalla,,EN,MAIZE
CO_322:0000949,TslGlAnCol_E_1to5,,Pedigree nurseries/trials,,,,CIMMYT,,,EN,MAIZE
CO_322:0000950,TslOpen_E_1to5,,Pedigree nurseries/trials,,,,CIMMYT,Rosemary Shrestha; Julian Pietragalla,,EN,MAIZE
CO_322:0000951,TslSiz_E_1to3,,Pedigree nurseries/trials,At tasseling (VT stage),,,CIMMYT,Rosemary Shrestha; Julian Pietragalla,,EN,MAIZE
CO_322:0000952,TslTyp_E_1to3,,Germplasm characterization,At milk stage,,,CIMMYT,Rosemary Shrestha; Julian Pietragalla,,EN,MAIZE
CO_322:0000953,TslBN_Ct_branch,,Germplasm characterization,,,,CIMMYT,Rosemary Shrestha; Julian Pietragalla,,EN,MAIZE
CO_322:0000954,TslBW_DW_g,,Pedigree nurseries/trials,,,,CIMMYT,Rosemary Shrestha; Julian Pietragalla,,EN,MAIZE
CO_322:0000955,UpESh_E_1to4,,Germplasm characterization,Physiological maturity (R6 stage),,,CIMMYT,Rosemary Shrestha; Julian Pietragalla,,EN,MAIZE
CO_322:0000956,GAsh_M_pct,,Pedigree nurseries/trials,After harvest,,,CIMMYT,Rosemary Shrestha; Julian Pietragalla,,EN,MAIZE
CO_322:0000958,GAsh_NIRS_pct,,Pedigree nurseries/trials,After harvest,,,CIMMYT,Rosemary Shrestha; Julian Pietragalla,,EN,MAIZE
CO_322:0000959,GIron_M_ppm,,Pedigree nurseries/trials,After harvest,,,CIMMYT,Rosemary Shrestha; Julian Pietragalla,,EN,MAIZE
CO_322:0000960,GLys_M_pct,,Pedigree nurseries/trials,After harvest,,,CIMMYT,Rosemary Shrestha; Julian Pietragalla,,EN,MAIZE
CO_322:0000961,GOil_M_pct,,Pedigree nurseries/trials,After harvest,,,CIMMYT,Rosemary Shrestha; Julian Pietragalla,,EN,MAIZE
CO_322:0000963,GOil_NIRS_pct,,Pedigree nurseries/trials,After harvest,,,CIMMYT,Rosemary Shrestha; Julian Pietragalla,,EN,MAIZE
CO_322:0000964,GProt_Cmp_pct,,Pedigree nurseries/trials,After harvest,,,CIMMYT,Rosemary Shrestha; Julian Pietragalla,,EN,MAIZE
CO_322:0000966,GProt_NIRS_pct,,Pedigree nurseries/trials,After harvest,,,CIMMYT,Rosemary Shrestha; Julian Pietragalla,,EN,MAIZE
CO_322:0000967,GStarch_M_pct,,Pedigree nurseries/trials,After harvest,,,CIMMYT,Rosemary Shrestha; Julian Pietragalla,,EN,MAIZE
CO_322:0000968,GTrp_M_pct,,Pedigree nurseries/trials,After harvest,,,CIMMYT,Rosemary Shrestha; Julian Pietragalla,,EN,MAIZE
CO_322:0000970,GTrp_NIRS_pct,,Pedigree nurseries/trials,After harvest,,,CIMMYT,Rosemary Shrestha; Julian Pietragalla,,EN,MAIZE
CO_322:0000971,GVitA_M_Âµgg,,Pedigree nurseries/trials,After harvest,,,CIMMYT,Rosemary Shrestha; Julian Pietragalla,,EN,MAIZE
CO_322:0000972,GZinc_M_ppm,,Pedigree nurseries/trials,After harvest,,,CIMMYT,Rosemary Shrestha; Julian Pietragalla,,EN,MAIZE
CO_322:0000973,YLChl_M_CCI,,Pedigree nurseries/trials,,,,CIMMYT,Rosemary Shrestha; Julian Pietragalla,,EN,MAIZE
CO_322:0000974,GABA_M_ugg,,Pedigree nurseries/trials,,,,CIMMYT,Kate Dreher; Rosemary Shrestha; Julian Pietragalla,,EN,MAIZE
CO_322:0000975,GGlucose_M_pct,,Pedigree nurseries/trials,,,,CIMMYT,Kate Dreher; Rosemary Shrestha; Julian Pietragalla,,EN,MAIZE
CO_322:0000976,RProl_M_ugg,,Pedigree nurseries/trials,,,,CIMMYT,Kate Dreher; Rosemary Shrestha; Julian Pietragalla,,EN,MAIZE
CO_322:0000977,GSucrose_M_pct,,Pedigree nurseries/trials,,,,CIMMYT,Kate Dreher; Rosemary Shrestha; Julian Pietragalla,,EN,MAIZE
CO_322:0000989,EN_Ct_earPlot,,Pedigree nurseries/trials,Physiological maturity (R6 stage),,,CIMMYT,Rosemary Shrestha; Julian Pietragalla,,EN,MAIZE
CO_322:0000993,GViablty_M_1to5,,,After harvest,Obsolete,,CIMMYT,Rosemary Shrestha; Julian Pietragalla,,EN,MAIZE
CO_322:0000996,PH_M_cm,,Pedigree nurseries/trials,After milk stage (after R3),,,CIMMYT,Rosemary Shrestha; Julian Pietragalla,,EN,MAIZE
CO_322:0000999,PHFL_M_cm,,Pedigree nurseries/trials,After milk stage (after R3),,,CIMMYT,Rosemary Shrestha; Julian Pietragalla,,EN,MAIZE
CO_322:0001001,EGrwR_Cmp_gplntday,,Pedigree nurseries/trials,,,,CIMMYT,Kate Dreher; Rosemary Shrestha; Julian Pietragalla,,EN,MAIZE
CO_322:0001002,EW_FW_gPlot,,Pedigree nurseries/trials,After harvest,,,CIMMYT,Rosemary Shrestha; Julian Pietragalla,,EN,MAIZE
CO_322:0001004,EW_M_gear,,Pedigree nurseries/trials,After harvest,,,CIMMYT,Kate Dreher; Rosemary Shrestha; Julian Pietragalla,,EN,MAIZE
CO_322:0001008,GTW_M_lbbsh,,Pedigree nurseries/trials,Physiological maturity (R6 stage),,,GxE,Kate Dreher; Rosemary Shrestha; Julian Pietragalla,,EN,MAIZE
CO_322:0001009,GW_Adj_g1000grn,,Pedigree nurseries/trials,Physiological maturity (R6 stage),,,CIMMYT,Rosemary Shrestha; Julian Pietragalla,,EN,MAIZE
CO_322:0001010,GW_Adj_g100grn,,Pedigree nurseries/trials,Physiological maturity (R6 stage),,,CIMMYT,Rosemary Shrestha; Julian Pietragalla,,EN,MAIZE
CO_322:0001011,GW_Adj_g200grn,,Pedigree nurseries/trials,Physiological maturity (R6 stage),,,CIMMYT,Rosemary Shrestha; Julian Pietragalla,,EN,MAIZE
CO_322:0001012,GW_FW_g200grn,,Pedigree nurseries/trials,Physiological maturity (R6 stage),,,CIMMYT,Rosemary Shrestha; Julian Pietragalla,,EN,MAIZE
CO_322:0001013,GW_FW_g1000grn,,Pedigree nurseries/trials,Physiological maturity (R6 stage),,,CIMMYT,Rosemary Shrestha; Julian Pietragalla,,EN,MAIZE
CO_322:0001014,GW_FW_g100grn,,Pedigree nurseries/trials,Physiological maturity (R6 stage),,,CIMMYT,Rosemary Shrestha; Julian Pietragalla,,EN,MAIZE
CO_322:0001016,GY_FW_lbPlot,,Pedigree nurseries/trials,After harvest,,,GxE,Kate Dreher; Rosemary Shrestha; Julian Pietragalla,,EN,MAIZE
CO_322:0001018,SdlngVig_E_1to5,,Pedigree nurseries/trials,,,,CIMMYT,Rosemary Shrestha; Julian Pietragalla,,EN,MAIZE
CO_322:0001019,AspERSev_E_1to9,,Pedigree nurseries/trials,At harvest,,,CIMMYT,Kate Dreher; Rosemary Shrestha; Julian Pietragalla,,EN,MAIZE
CO_322:0001020,AspERSev_E_pct,,Pedigree nurseries/trials,At harvest,,,CIMMYT,Kate Dreher; Rosemary Shrestha; Julian Pietragalla,,EN,MAIZE
CO_322:0001021,AflavERSev_E_1to9,,Pedigree nurseries/trials,At harvest,,,CIMMYT,Kate Dreher; Rosemary Shrestha; Julian Pietragalla,,EN,MAIZE
CO_322:0001022,AflavERSev_E_pct,,Pedigree nurseries/trials,At harvest,,,CIMMYT,Kate Dreher; Rosemary Shrestha; Julian Pietragalla,,EN,MAIZE
CO_322:0001023,BCLSSev_E_1to9,,Pedigree nurseries/trials,After anthesis,,,CIMMYT,Kate Dreher; Rosemary Shrestha; Julian Pietragalla,,EN,MAIZE
CO_322:0001024,BCLSSev_E_pct,,Pedigree nurseries/trials,After anthesis,,,CIMMYT,Kate Dreher; Rosemary Shrestha; Julian Pietragalla,,EN,MAIZE
CO_322:0001025,BLSBSev_E_1to9,,Pedigree nurseries/trials,After anthesis,,,CIMMYT,Kate Dreher; Rosemary Shrestha; Julian Pietragalla,,EN,MAIZE
CO_322:0001026,BLSBSev_E_pct,,Pedigree nurseries/trials,After anthesis,,,CIMMYT,Kate Dreher; Rosemary Shrestha; Julian Pietragalla,,EN,MAIZE
CO_322:0001027,BwSpotSev_E_1to9,,Pedigree nurseries/trials,After anthesis,,,CIMMYT,Kate Dreher; Rosemary Shrestha; Julian Pietragalla,,EN,MAIZE
CO_322:0001028,BwSpotSev_E_pct,,Pedigree nurseries/trials,After anthesis,,,CIMMYT,Kate Dreher; Rosemary Shrestha; Julian Pietragalla,,EN,MAIZE
CO_322:0001029,CRustSev_E_1to9,,Pedigree nurseries/trials,After anthesis,,,CIMMYT,Kate Dreher; Rosemary Shrestha; Julian Pietragalla,,EN,MAIZE
CO_322:0001030,CRustSev_E_pct,,Pedigree nurseries/trials,After anthesis,,,CIMMYT,Kate Dreher; Rosemary Shrestha; Julian Pietragalla,,EN,MAIZE
CO_322:0001032,CSmutSev_E_pct,,Pedigree nurseries/trials,After anthesis,,,CIMMYT,Kate Dreher; Rosemary Shrestha; Julian Pietragalla,,EN,MAIZE
CO_322:0001033,CSmutSev_E_1to9,,Pedigree nurseries/trials,After anthesis,,,CIMMYT,Kate Dreher; Rosemary Shrestha; Julian Pietragalla,,EN,MAIZE
CO_322:0001034,CSSSev_E_1to9,,Pedigree nurseries/trials,After anthesis,,,CIMMYT,Kate Dreher; Rosemary Shrestha; Julian Pietragalla,,EN,MAIZE
CO_322:0001035,CSSSev_E_pct,,Pedigree nurseries/trials,After anthesis,,,CIMMYT,Kate Dreher; Rosemary Shrestha; Julian Pietragalla,,EN,MAIZE
CO_322:0001036,CLSSev_E_pct,,Pedigree nurseries/trials,After anthesis,,,CIMMYT,Kate Dreher; Rosemary Shrestha; Julian Pietragalla,,EN,MAIZE
CO_322:0001037,CLSSev_E_1to9,,Pedigree nurseries/trials,After anthesis,,,CIMMYT,Kate Dreher; Rosemary Shrestha; Julian Pietragalla,,EN,MAIZE
CO_322:0001038,DMSev_E_1to9,,Pedigree nurseries/trials,After anthesis,,,CIMMYT,Kate Dreher; Rosemary Shrestha; Julian Pietragalla,,EN,MAIZE
CO_322:0001039,DMSev_E_pct,,Pedigree nurseries/trials,After anthesis,,,CIMMYT,Kate Dreher; Rosemary Shrestha; Julian Pietragalla,,EN,MAIZE
CO_322:0001040,FusERSev_E_1to9,,Pedigree nurseries/trials,Physiological maturity (R6 stage),,,CIMMYT,Kate Dreher; Rosemary Shrestha; Julian Pietragalla,,EN,MAIZE
CO_322:0001041,FusERSev_E_pct,,Pedigree nurseries/trials,Physiological maturity (R6 stage),,,CIMMYT,Kate Dreher; Rosemary Shrestha; Julian Pietragalla,,EN,MAIZE
CO_322:0001042,FgramERSev_E_1to9,,Pedigree nurseries/trials,Physiological maturity (R6 stage),,,CIMMYT,Kate Dreher; Rosemary Shrestha; Julian Pietragalla,,EN,MAIZE
CO_322:0001043,FgramERSev_E_pct,,Pedigree nurseries/trials,Physiological maturity (R6 stage),,,CIMMYT,Kate Dreher; Rosemary Shrestha; Julian Pietragalla,,EN,MAIZE
CO_322:0001044,FmonERSev_E_1to9,,Pedigree nurseries/trials,Physiological maturity (R6 stage),,,CIMMYT,Kate Dreher; Rosemary Shrestha; Julian Pietragalla,,EN,MAIZE
CO_322:0001045,FmonERSev_E_pct,,Pedigree nurseries/trials,Physiological maturity (R6 stage),,,CIMMYT,Kate Dreher; Rosemary Shrestha; Julian Pietragalla,,EN,MAIZE
CO_322:0001046,FmonSRSev_E_pct,,Pedigree nurseries/trials,,,,CIMMYT,Kate Dreher; Rosemary Shrestha; Julian Pietragalla,,EN,MAIZE
CO_322:0001047,FmonSRSev_E_1to9,,Pedigree nurseries/trials,,,,CIMMYT,Kate Dreher; Rosemary Shrestha; Julian Pietragalla,,EN,MAIZE
CO_322:0001048,GLSSev_E_pct,,Pedigree nurseries/trials,After anthesis,,,CIMMYT,Kate Dreher; Rosemary Shrestha; Julian Pietragalla,,EN,MAIZE
CO_322:0001049,GLSSev_E_1to9,,Pedigree nurseries/trials,After anthesis,,,CIMMYT,Kate Dreher; Rosemary Shrestha; Julian Pietragalla,,EN,MAIZE
CO_322:0001050,HSmutSev_E_1to9,,Pedigree nurseries/trials,After anthesis,,,CIMMYT,Kate Dreher; Rosemary Shrestha; Julian Pietragalla,,EN,MAIZE
CO_322:0001051,HSmutSev_E_pct,,Pedigree nurseries/trials,After anthesis,,,CIMMYT,Kate Dreher; Rosemary Shrestha; Julian Pietragalla,,EN,MAIZE
CO_322:0001052,CSCMSev_E_1to9,,Pedigree nurseries/trials,After anthesis,,,CIMMYT,Kate Dreher; Rosemary Shrestha; Julian Pietragalla,,EN,MAIZE
CO_322:0001053,CSCMSev_E_pct,,Pedigree nurseries/trials,After anthesis,,,CIMMYT,Kate Dreher; Rosemary Shrestha; Julian Pietragalla,,EN,MAIZE
CO_322:0001056,DMVSev_Ct_plntPlot,,Pedigree nurseries/trials,Physiological maturity (R6 stage),,,CIMMYT,Rosemary Shrestha; Julian Pietragalla,,EN,MAIZE
CO_322:0001057,MLNSev_E_1to9,,Pedigree nurseries/trials,,,,CIMMYT,Kate Dreher; Rosemary Shrestha; Julian Pietragalla,,EN,MAIZE
CO_322:0001058,MLNSev_E_pct,,Pedigree nurseries/trials,,,,CIMMYT,Kate Dreher; Rosemary Shrestha; Julian Pietragalla,,EN,MAIZE
CO_322:0001059,MSVSev_E_1to9,,Pedigree nurseries/trials,,,,CIMMYT,Kate Dreher; Rosemary Shrestha; Julian Pietragalla,,EN,MAIZE
CO_322:0001060,MSVSev_E_pct,,Pedigree nurseries/trials,,,,CIMMYT,Kate Dreher; Rosemary Shrestha; Julian Pietragalla,,EN,MAIZE
CO_322:0001061,BmaySev_E_1to9,,Pedigree nurseries/trials,After anthesis,,,CIMMYT,Kate Dreher; Rosemary Shrestha; Julian Pietragalla,,EN,MAIZE
CO_322:0001062,BmaySev_E_pct,,Pedigree nurseries/trials,After anthesis,,,CIMMYT,Kate Dreher; Rosemary Shrestha; Julian Pietragalla,,EN,MAIZE
CO_322:0001063,PERSev_E_1to9,,Pedigree nurseries/trials,At harvest,,,CIMMYT,Kate Dreher; Rosemary Shrestha; Julian Pietragalla,,EN,MAIZE
CO_322:0001064,PERSev_E_pct,,Pedigree nurseries/trials,At harvest,,,CIMMYT,Kate Dreher; Rosemary Shrestha; Julian Pietragalla,,EN,MAIZE
CO_322:0001065,PLSSev_E_1to9,,Pedigree nurseries/trials,3 weeks after silk emergence,,,CIMMYT,Kate Dreher; Rosemary Shrestha; Julian Pietragalla,,EN,MAIZE
CO_322:0001066,PLSSev_E_pct,,Pedigree nurseries/trials,3 weeks after silk emergence,,,CIMMYT,Kate Dreher; Rosemary Shrestha; Julian Pietragalla,,EN,MAIZE
CO_322:0001067,PpolySev_E_1to9,,Pedigree nurseries/trials,After anthesis,,,CIMMYT,Kate Dreher; Rosemary Shrestha; Julian Pietragalla,,EN,MAIZE
CO_322:0001068,PpolySev_E_pct,,Pedigree nurseries/trials,After anthesis,,,CIMMYT,Kate Dreher; Rosemary Shrestha; Julian Pietragalla,,EN,MAIZE
CO_322:0001069,RustSev_E_1to9,,Pedigree nurseries/trials,After anthesis,,,CIMMYT,Kate Dreher; Rosemary Shrestha; Julian Pietragalla,,EN,MAIZE
CO_322:0001070,RustSev_E_pct,,Pedigree nurseries/trials,After anthesis,,,CIMMYT,Kate Dreher; Rosemary Shrestha; Julian Pietragalla,,EN,MAIZE
CO_322:0001071,DMSSev_E_1to9,,Pedigree nurseries/trials,After anthesis,,,CIMMYT,Kate Dreher; Rosemary Shrestha; Julian Pietragalla,,EN,MAIZE
CO_322:0001072,DMSSev_E_pct,,Pedigree nurseries/trials,After anthesis,,,CIMMYT,Kate Dreher; Rosemary Shrestha; Julian Pietragalla,,EN,MAIZE
CO_322:0001073,SmaySev_E_1to9,,Pedigree nurseries/trials,At harvest,,,CIMMYT,Kate Dreher; Rosemary Shrestha; Julian Pietragalla,,EN,MAIZE
CO_322:0001074,SmaySev_E_pct,,Pedigree nurseries/trials,At harvest,,,CIMMYT,Kate Dreher; Rosemary Shrestha; Julian Pietragalla,,EN,MAIZE
CO_322:0001075,TSCSev_E_1to9,,Pedigree nurseries/trials,After anthesis,,,CIMMYT,Kate Dreher; Rosemary Shrestha; Julian Pietragalla,,EN,MAIZE
CO_322:0001076,TSCSev_E_pct,,Pedigree nurseries/trials,After anthesis,,,CIMMYT,Kate Dreher; Rosemary Shrestha; Julian Pietragalla,,EN,MAIZE
CO_322:0001077,TRustSev_E_1to9,,Pedigree nurseries/trials,After anthesis,,,CIMMYT,Kate Dreher; Rosemary Shrestha; Julian Pietragalla,,EN,MAIZE
CO_322:0001078,TRustSev_E_pct,,Pedigree nurseries/trials,After anthesis,,,CIMMYT,Kate Dreher; Rosemary Shrestha; Julian Pietragalla,,EN,MAIZE
CO_322:0001079,EturcSev_E_1to9,,Pedigree nurseries/trials,After anthesis,,,CIMMYT,Kate Dreher; Rosemary Shrestha; Julian Pietragalla,,EN,MAIZE
CO_322:0001080,EturcSev_E_pct,,Pedigree nurseries/trials,After anthesis,,,CIMMYT,Kate Dreher; Rosemary Shrestha; Julian Pietragalla,,EN,MAIZE
CO_322:0001081,AntAnCol_E_1to9,,Pedigree nurseries/trials,,,,CIMMYT,,,EN,MAIZE
CO_322:0001082,AntAnCol_E_1to2,,Pedigree nurseries/trials,,,,CIMMYT,,,EN,MAIZE
CO_322:0001085,CobGlAnCol_E_1to9,,Pedigree nurseries/trials,,,,CIMMYT,,,EN,MAIZE
CO_322:0001089,CobGlCol_E_1to3,,Pedigree nurseries/trials,,,,CIMMYT,,,EN,MAIZE
CO_322:0001090,ELng_M_mm,,Pedigree nurseries/trials,Physiological maturity (R6 stage),,,GxE,Kate Dreher; Rosemary Shrestha; Julian Pietragalla,,EN,MAIZE
CO_322:0001093,EWid_M_mm,,Germplasm characterization,,,,GxE,Kate Dreher; Rosemary Shrestha; Julian Pietragalla,,EN,MAIZE
CO_322:0001095,TslGlAnCol_E_1to9,,Pedigree nurseries/trials,,,,CIMMYT,,,EN,MAIZE
CO_322:0001096,TslGlAnCol_E_1to2,,Pedigree nurseries/trials,,,,CIMMYT,,,EN,MAIZE
CO_322:0001097,TslGlBAnCol_E_1to9,,Pedigree nurseries/trials,,,,CIMMYT,,,EN,MAIZE
CO_322:0001098,TslGlBAnCol_E_1to2,,Pedigree nurseries/trials,,,,CIMMYT,,,EN,MAIZE
CO_322:0001100,CSucrose_M_umolg,,Pedigree nurseries/trials,,,,CIMMYT,Kate Dreher; Rosemary Shrestha; Julian Pietragalla,,EN,MAIZE
CO_322:0001101,GABA_M_pgg,,Pedigree nurseries/trials,,,,CIMMYT,Kate Dreher; Rosemary Shrestha; Julian Pietragalla,,EN,MAIZE
CO_322:0001103,GGlucose_M_ugmg,,Pedigree nurseries/trials,,,,CIMMYT,Kate Dreher; Rosemary Shrestha; Julian Pietragalla,,EN,MAIZE
CO_322:0001105,GProline_M_mgg,,Pedigree nurseries/trials,,,,CIMMYT,Kate Dreher; Rosemary Shrestha; Julian Pietragalla,,EN,MAIZE
CO_322:0001106,GSucrose_M_umolg,,Pedigree nurseries/trials,,,,CIMMYT,Kate Dreher; Rosemary Shrestha; Julian Pietragalla,,EN,MAIZE
CO_322:0001107,GSugar_M_pct,,Pedigree nurseries/trials,Physiological maturity (R6 stage),Obsolete,,CIMMYT,Rosemary Shrestha; Julian Pietragalla,,EN,MAIZE
CO_322:0001109,LABA_M_ngg,,Pedigree nurseries/trials,,,,CIMMYT,Kate Dreher; Rosemary Shrestha; Julian Pietragalla,,EN,MAIZE
CO_322:0001111,LProline_M_ugg,,Pedigree nurseries/trials,,,,CIMMYT,Kate Dreher; Rosemary Shrestha; Julian Pietragalla,,EN,MAIZE
CO_322:0001112,LSucrose_M_umolg,,Pedigree nurseries/trials,,,,CIMMYT,Kate Dreher; Rosemary Shrestha; Julian Pietragalla,,EN,MAIZE
CO_322:0001113,LSucrose_M_mgg,,Pedigree nurseries/trials,,,,CIMMYT,Kate Dreher; Rosemary Shrestha; Julian Pietragalla,,EN,MAIZE
CO_322:0001115,RABA_M_ngg,,Pedigree nurseries/trials,,,,CIMMYT,Kate Dreher; Rosemary Shrestha; Julian Pietragalla,,EN,MAIZE
CO_322:0001117,RGlucose_M_ngug,,Pedigree nurseries/trials,,,,CIMMYT,Kate Dreher; Rosemary Shrestha; Julian Pietragalla,,EN,MAIZE
CO_322:0001119,RSucrose_M_ngug,,Pedigree nurseries/trials,,,,CIMMYT,Kate Dreher; Rosemary Shrestha; Julian Pietragalla,,EN,MAIZE
CO_322:0001122,GNC_M_pct,,Pedigree nurseries/trials,After harvest,,,CIMMYT,Rosemary Shrestha; Julian Pietragalla,,EN,MAIZE
